2495819,73.2301,25.9555,207.5,73.0079,24.9987,188.804,73.651,27.6389,173.75,72.5287,32.1279,156.25,73.1101,36.3673,141.732,71.9676,38.3002,125.0,71.6116,40.7423,108.266,nan,nan,nan,nan,nan,nan,nan,nan,nan,nan,nan,nan,nan,nan,nan,nan,nan,nan,nan,nan,nan,nan,nan,nan,nan,nan,nan,nan,nan,nan,nan,nan,nan,nan,nan,nan,nan,nan,nan,nan,nan,nan,nan,nan,nan,nan,nan,nan,nan,nan,nan,nan,nan,nan
2504978,71.547,41.6371,232.5,68.3906,39.5329,212.5,65.3846,42.5389,190.0,61.4768,47.6492,170.0,59.9738,57.569,151.25,60.575,60.8756,132.5,61.4768,66.8876,112.5,nan,nan,nan,nan,nan,nan,nan,nan,nan,nan,nan,nan,nan,nan,nan,nan,nan,nan,nan,nan,nan,nan,nan,nan,nan,nan,nan,nan,nan,nan,nan,nan,nan,nan,nan,nan,nan,nan,nan,nan,nan,nan,nan,nan,nan,nan,nan,nan,nan,nan,nan,nan,nan,nan
2522404,nan,nan,nan,nan,nan,nan,nan,nan,nan,85.5626,64.9774,555.0,85.1338,66.6929,535.0,85.9915,73.1257,517.5,87.7069,80.8452,497.5,nan,nan,nan,nan,nan,nan,nan,nan,nan,nan,nan,nan,nan,nan,nan,nan,nan,nan,nan,nan,nan,nan,nan,nan,nan,nan,nan,nan,nan,nan,nan,nan,nan,nan,nan,nan,nan,nan,nan,nan,nan,nan,nan,nan,nan,nan,nan,nan,nan,nan,nan,nan,nan,nan
2539494,83.3432,25.9824,217.5,84.2149,27.3772,203.75,84.5636,33.3051,185.0,84.5636,40.279,171.25,85.6097,45.1608,160.0,87.7019,55.273,150.0,87.7019,64.6879,143.75,nan,nan,nan,nan,nan,nan,nan,nan,nan,nan,nan,nan,nan,nan,nan,nan,nan,nan,nan,nan,nan,nan,nan,nan,nan,nan,nan,nan,nan,nan,nan,nan,nan,nan,nan,nan,nan,nan,nan,nan,nan,nan,nan,nan,nan,nan,nan,nan,nan,nan,nan,nan,nan,nan
2539497,nan,nan,nan,nan,nan,nan,nan,nan,nan,nan,nan,nan,nan,nan,nan,nan,nan,nan,85.0806,31.2169,287.5,nan,nan,nan,nan,nan,nan,nan,nan,nan,nan,nan,nan,nan,nan,nan,nan,nan,nan,nan,nan,nan,nan,nan,nan,nan,nan,nan,nan,nan,nan,nan,nan,nan,nan,nan,nan,nan,nan,nan,nan,nan,nan,nan,nan,nan,nan,nan,nan,nan,nan,nan,nan,nan,nan
2539767,68.18,40.2642,176.25,66.0758,38.3002,160.0,63.8313,39.4225,145.0,62.7091,41.1058,130.0,61.5868,44.4726,113.75,59.0618,46.9976,97.5,60.184,48.9616,81.25,nan,nan,nan,nan,nan,nan,nan,nan,nan,nan,nan,nan,nan,nan,nan,nan,nan,nan,nan,nan,nan,nan,nan,nan,nan,nan,nan,nan,nan,nan,nan,nan,nan,nan,nan,nan,nan,nan,nan,nan,nan,nan,nan,nan,nan,nan,nan,nan,nan,nan,nan,nan,nan,nan
2558438,100.044,39.9239,206.25,100.204,41.2065,187.5,101.166,44.0922,167.5,102.449,48.9019,147.5,100.525,57.8798,127.5,94.7536,65.8959,105.0,84.0625,70.4675,87.2157,nan,nan,nan,nan,nan,nan,nan,nan,nan,nan,nan,nan,nan,nan,nan,nan,nan,nan,nan,nan,nan,nan,nan,nan,nan,nan,nan,nan,nan,nan,nan,nan,nan,nan,nan,nan,nan,nan,nan,nan,nan,nan,nan,nan,nan,nan,nan,nan,nan,nan,nan,nan,nan,nan
2560100,88.4171,35.1296,166.25,87.2177,29.9893,142.5,87.5603,30.332,122.5,86.875,33.7588,101.25,84.4762,39.9272,80.0,77.6225,46.0955,58.75,69.398,50.5504,37.5,nan,nan,nan,nan,nan,nan,nan,nan,nan,nan,nan,nan,nan,nan,nan,nan,nan,nan,nan,nan,nan,nan,nan,nan,nan,nan,nan,nan,nan,nan,nan,nan,nan,nan,nan,nan,nan,nan,nan,nan,nan,nan,nan,nan,nan,nan,nan,nan,nan,nan,nan,nan,nan,nan
2684937,nan,nan,nan,nan,nan,nan,nan,nan,nan,nan,nan,nan,nan,nan,nan,nan,nan,nan,87.3788,38.962,460.0,nan,nan,nan,nan,nan,nan,nan,nan,nan,nan,nan,nan,nan,nan,nan,nan,nan,nan,nan,nan,nan,nan,nan,nan,nan,nan,nan,nan,nan,nan,nan,nan,nan,nan,nan,nan,nan,nan,nan,nan,nan,nan,nan,nan,nan,nan,nan,nan,nan,nan,nan,nan,nan,nan
2754140,69.9117,27.1391,183.75,65.1445,22.6218,164.415,61.0199,23.7664,150.0,58.2604,25.9127,135.0,55.8808,29.423,119.981,54.8876,33.8846,105.0,53.9678,38.1772,88.75,nan,nan,nan,nan,nan,nan,nan,nan,nan,nan,nan,nan,nan,nan,nan,nan,nan,nan,nan,nan,nan,nan,nan,nan,nan,nan,nan,nan,nan,nan,nan,nan,nan,nan,nan,nan,nan,nan,nan,nan,nan,nan,nan,nan,nan,nan,nan,nan,nan,nan,nan,nan,nan,nan
2801671,72.9496,46.9976,208.75,73.0079,42.5137,199.595,70.5648,38.5808,187.375,71.4065,36.0557,171.375,71.6871,34.6529,155.375,71.9676,33.5307,139.375,72.2482,33.8112,122.375,nan,nan,nan,nan,nan,nan,nan,nan,nan,nan,nan,nan,nan,nan,nan,nan,nan,nan,nan,nan,nan,nan,nan,nan,nan,nan,nan,nan,nan,nan,nan,nan,nan,nan,nan,nan,nan,nan,nan,nan,nan,nan,nan,nan,nan,nan,nan,nan,nan,nan,nan,nan,nan,nan
2805637,80.6642,22.6581,171.224,77.3324,25.5705,156.25,73.8585,29.7393,136.25,69.6897,34.9502,120.0,66.939,41.2891,101.996,64.8262,44.6773,90.0,62.047,47.4564,71.25,nan,nan,nan,nan,nan,nan,nan,nan,nan,nan,nan,nan,nan,nan,nan,nan,nan,nan,nan,nan,nan,nan,nan,nan,nan,nan,nan,nan,nan,nan,nan,nan,nan,nan,nan,nan,nan,nan,nan,nan,nan,nan,nan,nan,nan,nan,nan,nan,nan,nan,nan,nan,nan,nan
2828317,nan,nan,nan,nan,nan,nan,nan,nan,nan,nan,nan,nan,61.875,54.0694,505.62,62.1763,54.6328,487.5,61.7792,59.0001,475.0,nan,nan,nan,nan,nan,nan,nan,nan,nan,nan,nan,nan,nan,nan,nan,nan,nan,nan,nan,nan,nan,nan,nan,nan,nan,nan,nan,nan,nan,nan,nan,nan,nan,nan,nan,nan,nan,nan,nan,nan,nan,nan,nan,nan,nan,nan,nan,nan,nan,nan,nan,nan,nan,nan
2902226,88.2608,46.7224,256.25,88.2421,43.0003,236.248,88.2421,46.4432,220.411,85.5809,49.849,205.0,86.0276,54.3154,190.0,83.7943,56.1021,173.75,85.5809,59.2286,157.5,nan,nan,nan,nan,nan,nan,nan,nan,nan,nan,nan,nan,nan,nan,nan,nan,nan,nan,nan,nan,nan,nan,nan,nan,nan,nan,nan,nan,nan,nan,nan,nan,nan,nan,nan,nan,nan,nan,nan,nan,nan,nan,nan,nan,nan,nan,nan,nan,nan,nan,nan,nan,nan,nan
2908200,72.7345,27.4596,209.375,74.1017,28.8057,195.24,75.248,30.4341,176.25,75.9428,31.8236,158.75,76.985,32.8658,140.0,73.8585,33.5606,123.75,68.9949,38.0768,103.75,nan,nan,nan,nan,nan,nan,nan,nan,nan,nan,nan,nan,nan,nan,nan,nan,nan,nan,nan,nan,nan,nan,nan,nan,nan,nan,nan,nan,nan,nan,nan,nan,nan,nan,nan,nan,nan,nan,nan,nan,nan,nan,nan,nan,nan,nan,nan,nan,nan,nan,nan,nan,nan,nan
2949213,72.7688,33.9549,193.75,73.945,35.1311,176.25,73.553,40.2279,158.75,73.1609,47.677,147.5,74.3371,52.3817,133.75,75.5133,55.5182,120.0,79.0001,58.2813,104.617,nan,nan,nan,nan,nan,nan,nan,nan,nan,nan,nan,nan,nan,nan,nan,nan,nan,nan,nan,nan,nan,nan,nan,nan,nan,nan,nan,nan,nan,nan,nan,nan,nan,nan,nan,nan,nan,nan,nan,nan,nan,nan,nan,nan,nan,nan,nan,nan,nan,nan,nan,nan,nan,nan
3023828,nan,nan,nan,nan,nan,nan,nan,nan,nan,nan,nan,nan,108.101,36.1276,542.5,108.998,46.4415,527.5,108.998,60.3428,512.5,nan,nan,nan,nan,nan,nan,nan,nan,nan,nan,nan,nan,nan,nan,nan,nan,nan,nan,nan,nan,nan,nan,nan,nan,nan,nan,nan,nan,nan,nan,nan,nan,nan,nan,nan,nan,nan,nan,nan,nan,nan,nan,nan,nan,nan,nan,nan,nan,nan,nan,nan,nan,nan,nan
3058243,57.1835,22.7914,230.0,64.8262,22.0966,207.5,71.7741,24.5283,187.5,75.9428,27.3075,175.0,82.1959,29.0445,155.0,87.7543,30.0867,140.0,88.7964,29.3919,122.5,nan,nan,nan,nan,nan,nan,nan,nan,nan,nan,nan,nan,nan,nan,nan,nan,nan,nan,nan,nan,nan,nan,nan,nan,nan,nan,nan,nan,nan,nan,nan,nan,nan,nan,nan,nan,nan,nan,nan,nan,nan,nan,nan,nan,nan,nan,nan,nan,nan,nan,nan,nan,nan,nan
3109354,90.8457,34.2204,595.0,92.4635,37.0517,581.25,92.0591,46.7589,568.75,90.4412,56.8705,555.0,90.4412,62.9375,543.75,93.2725,62.9375,530.0,90.0367,60.1062,516.25,nan,nan,nan,nan,nan,nan,nan,nan,nan,nan,nan,nan,nan,nan,nan,nan,nan,nan,nan,nan,nan,nan,nan,nan,nan,nan,nan,nan,nan,nan,nan,nan,nan,nan,nan,nan,nan,nan,nan,nan,nan,nan,nan,nan,nan,nan,nan,nan,nan,nan,nan,nan,nan,nan
3155447,71.0793,33.908,178.75,72.8163,31.8236,160.0,74.5532,34.6028,142.5,73.5111,40.1611,125.0,72.4689,45.3721,111.25,70.3845,47.109,93.75,68.9949,49.8882,80.0,nan,nan,nan,nan,nan,nan,nan,nan,nan,nan,nan,nan,nan,nan,nan,nan,nan,nan,nan,nan,nan,nan,nan,nan,nan,nan,nan,nan,nan,nan,nan,nan,nan,nan,nan,nan,nan,nan,nan,nan,nan,nan,nan,nan,nan,nan,nan,nan,nan,nan,nan,nan,nan,nan
3164509,104.48,60.6333,216.25,105.422,53.0899,197.5,104.48,49.7897,178.75,103.065,48.3753,158.75,101.179,48.3753,141.25,100.236,51.6755,122.5,97.4076,60.6333,105.0,nan,nan,nan,nan,nan,nan,nan,nan,nan,nan,nan,nan,nan,nan,nan,nan,nan,nan,nan,nan,nan,nan,nan,nan,nan,nan,nan,nan,nan,nan,nan,nan,nan,nan,nan,nan,nan,nan,nan,nan,nan,nan,nan,nan,nan,nan,nan,nan,nan,nan,nan,nan,nan,nan
3186414,80.9482,17.7849,165.0,79.7628,15.7528,152.5,79.7628,15.7528,132.5,78.4081,20.1556,117.5,78.7467,25.2358,106.25,80.4401,32.6867,92.5,83.8269,42.1696,80.0,nan,nan,nan,nan,nan,nan,nan,nan,nan,nan,nan,nan,nan,nan,nan,nan,nan,nan,nan,nan,nan,nan,nan,nan,nan,nan,nan,nan,nan,nan,nan,nan,nan,nan,nan,nan,nan,nan,nan,nan,nan,nan,nan,nan,nan,nan,nan,nan,nan,nan,nan,nan,nan,nan
3220605,51.6612,60.1712,161.25,55.6922,58.9768,155.0,56.8866,55.9908,147.5,57.4838,52.7063,137.5,57.7824,51.8105,126.25,58.9768,53.3035,112.5,62.8586,57.4838,95.0,nan,nan,nan,nan,nan,nan,nan,nan,nan,nan,nan,nan,nan,nan,nan,nan,nan,nan,nan,nan,nan,nan,nan,nan,nan,nan,nan,nan,nan,nan,nan,nan,nan,nan,nan,nan,nan,nan,nan,nan,nan,nan,nan,nan,nan,nan,nan,nan,nan,nan,nan,nan,nan,nan
4395367,70.3686,26.6993,383.75,70.5229,26.3907,363.75,70.5229,27.0079,348.75,70.5229,29.1682,332.5,72.9918,33.4889,316.25,77.3125,39.6612,300.0,81.3245,47.9939,282.5,nan,nan,nan,nan,nan,nan,nan,nan,nan,nan,nan,nan,nan,nan,nan,nan,nan,nan,nan,nan,nan,nan,nan,nan,nan,nan,nan,nan,nan,nan,nan,nan,nan,nan,nan,nan,nan,nan,nan,nan,nan,nan,nan,nan,nan,nan,nan,nan,nan,nan,nan,nan,nan,nan
4407253,66.1596,38.5103,137.5,65.2758,41.2878,122.5,64.7708,47.348,105.0,62.7508,52.9031,87.5,62.4983,56.4381,75.0,61.2357,61.2357,57.5,61.4882,65.0233,42.5,nan,nan,nan,nan,nan,nan,nan,nan,nan,nan,nan,nan,nan,nan,nan,nan,nan,nan,nan,nan,nan,nan,nan,nan,nan,nan,nan,nan,nan,nan,nan,nan,nan,nan,nan,nan,nan,nan,nan,nan,nan,nan,nan,nan,nan,nan,nan,nan,nan,nan,nan,nan,nan,nan
4408222,60.0437,27.6389,137.5,60.184,27.6389,120.0,59.6229,29.0417,105.0,59.9035,31.2862,87.5,63.2702,36.8974,71.25,67.4786,43.6309,56.25,72.8093,52.3283,40.0,nan,nan,nan,nan,nan,nan,nan,nan,nan,nan,nan,nan,nan,nan,nan,nan,nan,nan,nan,nan,nan,nan,nan,nan,nan,nan,nan,nan,nan,nan,nan,nan,nan,nan,nan,nan,nan,nan,nan,nan,nan,nan,nan,nan,nan,nan,nan,nan,nan,nan,nan,nan,nan,nan
4486120,nan,nan,nan,nan,nan,nan,nan,nan,nan,nan,nan,nan,nan,nan,nan,nan,nan,nan,52.0733,58.118,422.5,nan,nan,nan,nan,nan,nan,nan,nan,nan,nan,nan,nan,nan,nan,nan,nan,nan,nan,nan,nan,nan,nan,nan,nan,nan,nan,nan,nan,nan,nan,nan,nan,nan,nan,nan,nan,nan,nan,nan,nan,nan,nan,nan,nan,nan,nan,nan,nan,nan,nan,nan,nan,nan,nan
4511471,nan,nan,nan,nan,nan,nan,74.9494,16.6219,557.5,74.5499,26.21,545.0,73.7509,34.5996,535.0,75.7485,42.1902,520.0,77.746,44.5872,507.5,nan,nan,nan,nan,nan,nan,nan,nan,nan,nan,nan,nan,nan,nan,nan,nan,nan,nan,nan,nan,nan,nan,nan,nan,nan,nan,nan,nan,nan,nan,nan,nan,nan,nan,nan,nan,nan,nan,nan,nan,nan,nan,nan,nan,nan,nan,nan,nan,nan,nan,nan,nan,nan,nan
4513889,82.0274,34.3847,200.0,82.0274,30.8115,180.0,81.6303,30.4145,155.0,81.6303,35.9728,132.5,82.0274,42.7222,117.5,81.6303,47.8835,100.0,83.2184,53.8388,82.5,nan,nan,nan,nan,nan,nan,nan,nan,nan,nan,nan,nan,nan,nan,nan,nan,nan,nan,nan,nan,nan,nan,nan,nan,nan,nan,nan,nan,nan,nan,nan,nan,nan,nan,nan,nan,nan,nan,nan,nan,nan,nan,nan,nan,nan,nan,nan,nan,nan,nan,nan,nan,nan,nan
4516999,82.9531,47.3327,205.0,82.1343,40.7818,190.0,80.0871,31.365,167.5,80.4965,27.2707,150.0,80.0871,26.8612,130.0,79.6777,30.1367,115.0,79.6777,33.8215,96.25,nan,nan,nan,nan,nan,nan,nan,nan,nan,nan,nan,nan,nan,nan,nan,nan,nan,nan,nan,nan,nan,nan,nan,nan,nan,nan,nan,nan,nan,nan,nan,nan,nan,nan,nan,nan,nan,nan,nan,nan,nan,nan,nan,nan,nan,nan,nan,nan,nan,nan,nan,nan,nan,nan
4517675,99.997,24.1262,222.5,100.483,21.2081,207.5,100.97,21.2081,195.0,102.915,21.2081,176.25,102.429,22.6671,155.0,103.401,28.017,135.0,101.942,31.9078,123.75,nan,nan,nan,nan,nan,nan,nan,nan,nan,nan,nan,nan,nan,nan,nan,nan,nan,nan,nan,nan,nan,nan,nan,nan,nan,nan,nan,nan,nan,nan,nan,nan,nan,nan,nan,nan,nan,nan,nan,nan,nan,nan,nan,nan,nan,nan,nan,nan,nan,nan,nan,nan,nan,nan
4518692,64.5167,42.7004,138.75,64.1272,38.0254,117.5,67.2438,36.4671,96.25,69.5813,41.142,76.25,72.9806,48.5284,59.0118,76.2041,57.5043,43.75,78.5416,72.3083,33.75,nan,nan,nan,nan,nan,nan,nan,nan,nan,nan,nan,nan,nan,nan,nan,nan,nan,nan,nan,nan,nan,nan,nan,nan,nan,nan,nan,nan,nan,nan,nan,nan,nan,nan,nan,nan,nan,nan,nan,nan,nan,nan,nan,nan,nan,nan,nan,nan,nan,nan,nan,nan,nan,nan
4520032,88.5475,33.9599,201.25,91.9197,37.7537,173.75,93.1842,44.0766,156.25,94.4488,49.1349,140.0,96.7056,54.3438,120.19,98.2425,60.9376,103.75,98.8067,66.8282,89.7233,nan,nan,nan,nan,nan,nan,nan,nan,nan,nan,nan,nan,nan,nan,nan,nan,nan,nan,nan,nan,nan,nan,nan,nan,nan,nan,nan,nan,nan,nan,nan,nan,nan,nan,nan,nan,nan,nan,nan,nan,nan,nan,nan,nan,nan,nan,nan,nan,nan,nan,nan,nan,nan,nan
4522160,75.4149,35.2165,182.5,75.4149,39.2363,162.5,76.6209,46.472,145.0,79.0328,54.1097,130.0,79.1015,54.7003,115.586,85.8665,57.3256,100.0,86.6705,58.1296,87.5,nan,nan,nan,nan,nan,nan,nan,nan,nan,nan,nan,nan,nan,nan,nan,nan,nan,nan,nan,nan,nan,nan,nan,nan,nan,nan,nan,nan,nan,nan,nan,nan,nan,nan,nan,nan,nan,nan,nan,nan,nan,nan,nan,nan,nan,nan,nan,nan,nan,nan,nan,nan,nan,nan
4522418,72.3954,43.4524,167.5,74.182,49.5269,142.5,75.2539,53.1001,128.75,77.0405,59.8892,117.5,77.0405,69.8941,106.25,77.7552,67.7502,95.0,78.4698,67.7502,78.75,nan,nan,nan,nan,nan,nan,nan,nan,nan,nan,nan,nan,nan,nan,nan,nan,nan,nan,nan,nan,nan,nan,nan,nan,nan,nan,nan,nan,nan,nan,nan,nan,nan,nan,nan,nan,nan,nan,nan,nan,nan,nan,nan,nan,nan,nan,nan,nan,nan,nan,nan,nan,nan,nan
4522975,68.6991,29.312,132.5,69.4088,33.2152,115.0,68.3442,39.6023,97.5,70.4733,44.2152,82.5,70.4733,47.7636,70.0,70.4733,54.8604,57.5,67.5899,61.3604,39.5192,nan,nan,nan,nan,nan,nan,nan,nan,nan,nan,nan,nan,nan,nan,nan,nan,nan,nan,nan,nan,nan,nan,nan,nan,nan,nan,nan,nan,nan,nan,nan,nan,nan,nan,nan,nan,nan,nan,nan,nan,nan,nan,nan,nan,nan,nan,nan,nan,nan,nan,nan,nan,nan,nan
4526185,73.477,41.5316,255.0,72.6979,37.2462,237.5,74.2562,35.6879,217.5,73.8666,36.4671,201.25,73.477,37.2462,181.25,75.4249,37.6358,165.0,76.9832,41.142,145.0,nan,nan,nan,nan,nan,nan,nan,nan,nan,nan,nan,nan,nan,nan,nan,nan,nan,nan,nan,nan,nan,nan,nan,nan,nan,nan,nan,nan,nan,nan,nan,nan,nan,nan,nan,nan,nan,nan,nan,nan,nan,nan,nan,nan,nan,nan,nan,nan,nan,nan,nan,nan,nan,nan
4526288,74.2562,40.3629,251.25,74.2562,36.4671,235.0,74.6458,36.0775,218.75,73.8666,35.6879,201.25,73.8666,37.6358,182.5,75.8145,36.4671,163.75,76.9832,41.5316,146.25,nan,nan,nan,nan,nan,nan,nan,nan,nan,nan,nan,nan,nan,nan,nan,nan,nan,nan,nan,nan,nan,nan,nan,nan,nan,nan,nan,nan,nan,nan,nan,nan,nan,nan,nan,nan,nan,nan,nan,nan,nan,nan,nan,nan,nan,nan,nan,nan,nan,nan,nan,nan,nan,nan
4526293,nan,nan,nan,nan,nan,nan,nan,nan,nan,nan,nan,nan,nan,nan,nan,nan,nan,nan,126.568,54.4937,472.5,nan,nan,nan,nan,nan,nan,nan,nan,nan,nan,nan,nan,nan,nan,nan,nan,nan,nan,nan,nan,nan,nan,nan,nan,nan,nan,nan,nan,nan,nan,nan,nan,nan,nan,nan,nan,nan,nan,nan,nan,nan,nan,nan,nan,nan,nan,nan,nan,nan,nan,nan,nan,nan,nan
4526499,102.344,68.9858,196.844,100.053,65.3134,177.5,99.0603,61.3431,157.5,99.0603,60.8469,137.5,97.0752,64.3208,117.5,96.0826,67.7948,97.5,93.1049,75.7352,77.5,nan,nan,nan,nan,nan,nan,nan,nan,nan,nan,nan,nan,nan,nan,nan,nan,nan,nan,nan,nan,nan,nan,nan,nan,nan,nan,nan,nan,nan,nan,nan,nan,nan,nan,nan,nan,nan,nan,nan,nan,nan,nan,nan,nan,nan,nan,nan,nan,nan,nan,nan,nan,nan,nan
4527690,nan,nan,nan,nan,nan,nan,nan,nan,nan,nan,nan,nan,nan,nan,nan,nan,nan,nan,74.0869,49.4715,315.0,nan,nan,nan,nan,nan,nan,nan,nan,nan,nan,nan,nan,nan,nan,nan,nan,nan,nan,nan,nan,nan,nan,nan,nan,nan,nan,nan,nan,nan,nan,nan,nan,nan,nan,nan,nan,nan,nan,nan,nan,nan,nan,nan,nan,nan,nan,nan,nan,nan,nan,nan,nan,nan,nan
4528969,68.9949,39.1189,96.25,67.9527,33.5606,76.25,67.6053,32.5184,57.5,67.2579,32.8658,36.25,66.9106,37.0346,15.0,nan,nan,nan,nan,nan,nan,nan,nan,nan,nan,nan,nan,nan,nan,nan,nan,nan,nan,nan,nan,nan,nan,nan,nan,nan,nan,nan,nan,nan,nan,nan,nan,nan,nan,nan,nan,nan,nan,nan,nan,nan,nan,nan,nan,nan,nan,nan,nan,nan,nan,nan,nan,nan,nan,nan,nan,nan,nan,nan,nan
4528990,69.6377,40.1589,55.0,67.6724,35.5733,32.5,68.0,38.8487,17.5,nan,nan,nan,nan,nan,nan,nan,nan,nan,nan,nan,nan,nan,nan,nan,nan,nan,nan,nan,nan,nan,nan,nan,nan,nan,nan,nan,nan,nan,nan,nan,nan,nan,nan,nan,nan,nan,nan,nan,nan,nan,nan,nan,nan,nan,nan,nan,nan,nan,nan,nan,nan,nan,nan,nan,nan,nan,nan,nan,nan,nan,nan,nan,nan,nan,nan
4530976,nan,nan,nan,nan,nan,nan,95.1209,49.8284,135.0,95.5716,51.6311,116.25,98.2756,53.8844,96.25,97.3743,56.5885,75.0,97.0214,62.0273,56.3834,nan,nan,nan,nan,nan,nan,nan,nan,nan,nan,nan,nan,nan,nan,nan,nan,nan,nan,nan,nan,nan,nan,nan,nan,nan,nan,nan,nan,nan,nan,nan,nan,nan,nan,nan,nan,nan,nan,nan,nan,nan,nan,nan,nan,nan,nan,nan,nan,nan,nan,nan,nan,nan,nan
4531957,nan,nan,nan,nan,nan,nan,nan,nan,nan,nan,nan,nan,135.832,59.9262,551.857,137.461,65.1412,535.0,134.469,65.1412,525.0,nan,nan,nan,nan,nan,nan,nan,nan,nan,nan,nan,nan,nan,nan,nan,nan,nan,nan,nan,nan,nan,nan,nan,nan,nan,nan,nan,nan,nan,nan,nan,nan,nan,nan,nan,nan,nan,nan,nan,nan,nan,nan,nan,nan,nan,nan,nan,nan,nan,nan,nan,nan,nan,nan
4531965,74.4839,37.5609,170.0,75.278,37.1638,150.0,76.072,41.5311,127.5,77.6601,44.3102,112.5,80.4393,44.7073,90.0,80.0423,48.2805,72.5,81.6303,54.2358,55.0,nan,nan,nan,nan,nan,nan,nan,nan,nan,nan,nan,nan,nan,nan,nan,nan,nan,nan,nan,nan,nan,nan,nan,nan,nan,nan,nan,nan,nan,nan,nan,nan,nan,nan,nan,nan,nan,nan,nan,nan,nan,nan,nan,nan,nan,nan,nan,nan,nan,nan,nan,nan,nan,nan
4533808,74.2058,37.0346,240.0,73.1637,37.382,213.75,70.7319,39.4663,197.5,68.3001,42.2455,176.25,67.9527,42.5929,158.75,67.9527,41.8981,142.5,71.7741,43.9825,126.25,nan,nan,nan,nan,nan,nan,nan,nan,nan,nan,nan,nan,nan,nan,nan,nan,nan,nan,nan,nan,nan,nan,nan,nan,nan,nan,nan,nan,nan,nan,nan,nan,nan,nan,nan,nan,nan,nan,nan,nan,nan,nan,nan,nan,nan,nan,nan,nan,nan,nan,nan,nan,nan,nan
4534188,85.4549,31.0622,145.0,84.1403,31.7196,123.75,82.1684,39.936,106.25,82.1684,48.481,91.25,79.2105,52.4249,80.0,79.2105,57.6834,67.5,80.1964,63.2706,56.25,nan,nan,nan,nan,nan,nan,nan,nan,nan,nan,nan,nan,nan,nan,nan,nan,nan,nan,nan,nan,nan,nan,nan,nan,nan,nan,nan,nan,nan,nan,nan,nan,nan,nan,nan,nan,nan,nan,nan,nan,nan,nan,nan,nan,nan,nan,nan,nan,nan,nan,nan,nan,nan,nan
4534523,101.474,56.0549,202.5,99.9259,61.2162,182.5,99.9259,67.4098,163.75,100.958,69.4743,145.0,99.4098,73.0872,128.75,97.8614,78.7646,110.0,98.3775,83.4098,93.75,nan,nan,nan,nan,nan,nan,nan,nan,nan,nan,nan,nan,nan,nan,nan,nan,nan,nan,nan,nan,nan,nan,nan,nan,nan,nan,nan,nan,nan,nan,nan,nan,nan,nan,nan,nan,nan,nan,nan,nan,nan,nan,nan,nan,nan,nan,nan,nan,nan,nan,nan,nan,nan,nan
4534880,80.2017,32.559,413.75,83.1794,38.0181,388.75,85.6608,44.4697,371.25,86.6533,49.9288,356.25,87.6459,56.3804,337.5,89.631,63.3283,322.5,91.6161,68.291,308.75,nan,nan,nan,nan,nan,nan,nan,nan,nan,nan,nan,nan,nan,nan,nan,nan,nan,nan,nan,nan,nan,nan,nan,nan,nan,nan,nan,nan,nan,nan,nan,nan,nan,nan,nan,nan,nan,nan,nan,nan,nan,nan,nan,nan,nan,nan,nan,nan,nan,nan,nan,nan,nan,nan
4535237,77.9028,49.9946,166.25,78.3072,47.9723,147.5,77.9028,48.7812,130.0,79.1162,49.1857,112.5,83.1608,50.3991,95.0,85.5876,59.2973,78.75,83.9697,75.8804,72.5,nan,nan,nan,nan,nan,nan,nan,nan,nan,nan,nan,nan,nan,nan,nan,nan,nan,nan,nan,nan,nan,nan,nan,nan,nan,nan,nan,nan,nan,nan,nan,nan,nan,nan,nan,nan,nan,nan,nan,nan,nan,nan,nan,nan,nan,nan,nan,nan,nan,nan,nan,nan,nan,nan
4536504,97.9877,45.7867,222.5,95.5931,46.7445,202.5,97.0298,50.5758,180.0,96.551,53.4492,160.0,94.1564,54.886,145.0,93.1986,59.675,125.0,90.804,73.0845,105.0,nan,nan,nan,nan,nan,nan,nan,nan,nan,nan,nan,nan,nan,nan,nan,nan,nan,nan,nan,nan,nan,nan,nan,nan,nan,nan,nan,nan,nan,nan,nan,nan,nan,nan,nan,nan,nan,nan,nan,nan,nan,nan,nan,nan,nan,nan,nan,nan,nan,nan,nan,nan,nan,nan
4539621,84.7014,34.0512,178.75,85.1704,37.3341,158.75,84.7014,42.0239,141.25,85.6393,49.9966,126.25,84.9024,61.4309,112.35,84.9024,74.6908,98.5592,84.9024,74.6908,91.6641,nan,nan,nan,nan,nan,nan,nan,nan,nan,nan,nan,nan,nan,nan,nan,nan,nan,nan,nan,nan,nan,nan,nan,nan,nan,nan,nan,nan,nan,nan,nan,nan,nan,nan,nan,nan,nan,nan,nan,nan,nan,nan,nan,nan,nan,nan,nan,nan,nan,nan,nan,nan,nan,nan
4540130,nan,nan,nan,84.7414,38.126,135.0,86.5875,42.2799,117.5,85.6645,48.7414,102.5,90.2798,56.126,82.5,91.2029,62.126,67.5,89.8183,66.7414,52.5,nan,nan,nan,nan,nan,nan,nan,nan,nan,nan,nan,nan,nan,nan,nan,nan,nan,nan,nan,nan,nan,nan,nan,nan,nan,nan,nan,nan,nan,nan,nan,nan,nan,nan,nan,nan,nan,nan,nan,nan,nan,nan,nan,nan,nan,nan,nan,nan,nan,nan,nan,nan,nan,nan
4541137,80.5232,22.5849,171.25,79.8013,28.3607,148.75,81.2452,33.4145,130.0,81.2452,36.6634,112.5,81.2452,42.0782,93.75,81.6062,48.215,77.5,80.1622,62.6544,58.75,nan,nan,nan,nan,nan,nan,nan,nan,nan,nan,nan,nan,nan,nan,nan,nan,nan,nan,nan,nan,nan,nan,nan,nan,nan,nan,nan,nan,nan,nan,nan,nan,nan,nan,nan,nan,nan,nan,nan,nan,nan,nan,nan,nan,nan,nan,nan,nan,nan,nan,nan,nan,nan,nan
4542094,75.9053,48.4611,197.5,77.4736,42.5802,178.75,80.218,41.7961,161.25,81.0021,40.2279,142.5,83.7465,39.8358,125.0,84.1386,40.2279,108.75,80.218,49.2452,90.0,nan,nan,nan,nan,nan,nan,nan,nan,nan,nan,nan,nan,nan,nan,nan,nan,nan,nan,nan,nan,nan,nan,nan,nan,nan,nan,nan,nan,nan,nan,nan,nan,nan,nan,nan,nan,nan,nan,nan,nan,nan,nan,nan,nan,nan,nan,nan,nan,nan,nan,nan,nan,nan,nan
4542252,65.1945,35.388,132.5,63.6659,29.656,113.75,64.4302,27.3632,96.25,64.0481,28.5096,76.25,62.9017,29.656,62.5,62.9017,29.656,46.25,65.5766,50.2913,28.75,nan,nan,nan,nan,nan,nan,nan,nan,nan,nan,nan,nan,nan,nan,nan,nan,nan,nan,nan,nan,nan,nan,nan,nan,nan,nan,nan,nan,nan,nan,nan,nan,nan,nan,nan,nan,nan,nan,nan,nan,nan,nan,nan,nan,nan,nan,nan,nan,nan,nan,nan,nan,nan,nan
4542898,83.8566,42.0502,231.25,81.0427,38.4323,208.75,80.2388,34.4125,185.0,79.4348,33.2065,167.5,77.0229,37.6284,145.0,76.2189,41.2462,126.25,74.209,49.6879,107.5,nan,nan,nan,nan,nan,nan,nan,nan,nan,nan,nan,nan,nan,nan,nan,nan,nan,nan,nan,nan,nan,nan,nan,nan,nan,nan,nan,nan,nan,nan,nan,nan,nan,nan,nan,nan,nan,nan,nan,nan,nan,nan,nan,nan,nan,nan,nan,nan,nan,nan,nan,nan,nan,nan
4544234,108.177,36.9179,193.75,107.585,38.8918,172.5,107.19,43.2345,157.5,106.006,51.9199,140.0,104.032,56.6574,125.0,105.611,62.974,111.25,102.848,72.0542,91.25,nan,nan,nan,nan,nan,nan,nan,nan,nan,nan,nan,nan,nan,nan,nan,nan,nan,nan,nan,nan,nan,nan,nan,nan,nan,nan,nan,nan,nan,nan,nan,nan,nan,nan,nan,nan,nan,nan,nan,nan,nan,nan,nan,nan,nan,nan,nan,nan,nan,nan,nan,nan,nan,nan
4552200,76.6576,35.2648,170.0,78.872,38.3309,150.0,80.2347,40.7157,132.5,82.2788,45.8259,115.0,84.6636,47.1887,100.0,87.0484,49.2327,85.0,87.7297,54.6836,71.25,nan,nan,nan,nan,nan,nan,nan,nan,nan,nan,nan,nan,nan,nan,nan,nan,nan,nan,nan,nan,nan,nan,nan,nan,nan,nan,nan,nan,nan,nan,nan,nan,nan,nan,nan,nan,nan,nan,nan,nan,nan,nan,nan,nan,nan,nan,nan,nan,nan,nan,nan,nan,nan,nan
4552210,72.1817,33.285,60.7908,72.1566,28.89,41.25,72.9201,30.4171,23.75,72.1566,30.9261,6.25,nan,nan,nan,nan,nan,nan,nan,nan,nan,nan,nan,nan,nan,nan,nan,nan,nan,nan,nan,nan,nan,nan,nan,nan,nan,nan,nan,nan,nan,nan,nan,nan,nan,nan,nan,nan,nan,nan,nan,nan,nan,nan,nan,nan,nan,nan,nan,nan,nan,nan,nan,nan,nan,nan,nan,nan,nan,nan,nan,nan,nan,nan,nan
4553119,nan,nan,nan,nan,nan,nan,nan,nan,nan,nan,nan,nan,nan,nan,nan,nan,nan,nan,86.0539,62.6134,614.75,nan,nan,nan,nan,nan,nan,nan,nan,nan,nan,nan,nan,nan,nan,nan,nan,nan,nan,nan,nan,nan,nan,nan,nan,nan,nan,nan,nan,nan,nan,nan,nan,nan,nan,nan,nan,nan,nan,nan,nan,nan,nan,nan,nan,nan,nan,nan,nan,nan,nan,nan,nan,nan,nan
4553140,89.6957,50.7067,146.25,90.1977,52.7147,127.5,89.1937,56.0614,112.5,88.5243,55.392,96.25,87.1856,56.7307,82.5,87.0879,59.7435,67.1305,87.0879,63.7766,53.4181,nan,nan,nan,nan,nan,nan,nan,nan,nan,nan,nan,nan,nan,nan,nan,nan,nan,nan,nan,nan,nan,nan,nan,nan,nan,nan,nan,nan,nan,nan,nan,nan,nan,nan,nan,nan,nan,nan,nan,nan,nan,nan,nan,nan,nan,nan,nan,nan,nan,nan,nan,nan,nan,nan
4553232,nan,nan,nan,nan,nan,nan,nan,nan,nan,nan,nan,nan,nan,nan,nan,nan,nan,nan,73.9119,51.1464,202.5,nan,nan,nan,nan,nan,nan,nan,nan,nan,nan,nan,nan,nan,nan,nan,nan,nan,nan,nan,nan,nan,nan,nan,nan,nan,nan,nan,nan,nan,nan,nan,nan,nan,nan,nan,nan,nan,nan,nan,nan,nan,nan,nan,nan,nan,nan,nan,nan,nan,nan,nan,nan,nan,nan
4553575,51.7065,55.6744,33.75,51.8267,52.7886,14.375,nan,nan,nan,nan,nan,nan,nan,nan,nan,nan,nan,nan,nan,nan,nan,nan,nan,nan,nan,nan,nan,nan,nan,nan,nan,nan,nan,nan,nan,nan,nan,nan,nan,nan,nan,nan,nan,nan,nan,nan,nan,nan,nan,nan,nan,nan,nan,nan,nan,nan,nan,nan,nan,nan,nan,nan,nan,nan,nan,nan,nan,nan,nan,nan,nan,nan,nan,nan,nan
4553875,nan,nan,nan,94.4494,33.267,157.5,92.0366,39.1267,142.5,89.2791,40.8501,125.0,87.9003,42.2289,112.5,89.2791,44.9864,100.0,85.1193,46.0235,82.51,nan,nan,nan,nan,nan,nan,nan,nan,nan,nan,nan,nan,nan,nan,nan,nan,nan,nan,nan,nan,nan,nan,nan,nan,nan,nan,nan,nan,nan,nan,nan,nan,nan,nan,nan,nan,nan,nan,nan,nan,nan,nan,nan,nan,nan,nan,nan,nan,nan,nan,nan,nan,nan,nan
4554759,86.0235,52.7211,195.066,86.379,52.0448,173.423,86.2632,53.0728,156.25,87.7221,54.8965,138.75,88.4516,57.8143,122.5,89.9105,59.2732,108.75,92.0989,64.3794,92.5,nan,nan,nan,nan,nan,nan,nan,nan,nan,nan,nan,nan,nan,nan,nan,nan,nan,nan,nan,nan,nan,nan,nan,nan,nan,nan,nan,nan,nan,nan,nan,nan,nan,nan,nan,nan,nan,nan,nan,nan,nan,nan,nan,nan,nan,nan,nan,nan,nan,nan,nan,nan,nan,nan
4557469,61.8674,33.8112,140.0,62.9897,35.7752,121.25,61.8674,39.9836,103.75,61.5868,44.4726,83.75,61.0257,49.5227,67.5,62.9897,51.4866,51.25,63.5508,51.4866,32.5,nan,nan,nan,nan,nan,nan,nan,nan,nan,nan,nan,nan,nan,nan,nan,nan,nan,nan,nan,nan,nan,nan,nan,nan,nan,nan,nan,nan,nan,nan,nan,nan,nan,nan,nan,nan,nan,nan,nan,nan,nan,nan,nan,nan,nan,nan,nan,nan,nan,nan,nan,nan,nan,nan
4558179,92.745,32.0736,202.5,92.745,30.3401,182.5,93.7851,32.767,165.0,93.7851,31.0335,147.5,93.7851,32.4203,130.0,93.7851,36.9273,115.0,92.3983,46.288,100.0,nan,nan,nan,nan,nan,nan,nan,nan,nan,nan,nan,nan,nan,nan,nan,nan,nan,nan,nan,nan,nan,nan,nan,nan,nan,nan,nan,nan,nan,nan,nan,nan,nan,nan,nan,nan,nan,nan,nan,nan,nan,nan,nan,nan,nan,nan,nan,nan,nan,nan,nan,nan,nan,nan
4559280,67.6407,31.7832,151.975,70.1885,28.2966,132.5,71.7516,29.5471,116.25,74.8778,29.5471,98.75,76.7536,30.485,81.25,79.5672,33.2986,65.0,81.443,37.6754,47.5,nan,nan,nan,nan,nan,nan,nan,nan,nan,nan,nan,nan,nan,nan,nan,nan,nan,nan,nan,nan,nan,nan,nan,nan,nan,nan,nan,nan,nan,nan,nan,nan,nan,nan,nan,nan,nan,nan,nan,nan,nan,nan,nan,nan,nan,nan,nan,nan,nan,nan,nan,nan,nan,nan
4559282,nan,nan,nan,nan,nan,nan,nan,nan,nan,nan,nan,nan,nan,nan,nan,nan,nan,nan,58.6217,40.9464,572.5,nan,nan,nan,nan,nan,nan,nan,nan,nan,nan,nan,nan,nan,nan,nan,nan,nan,nan,nan,nan,nan,nan,nan,nan,nan,nan,nan,nan,nan,nan,nan,nan,nan,nan,nan,nan,nan,nan,nan,nan,nan,nan,nan,nan,nan,nan,nan,nan,nan,nan,nan,nan,nan,nan
4560614,67.678,41.682,75.0,68.8083,44.7902,57.5,67.9606,51.2892,37.5,67.9606,58.6359,17.5,nan,nan,nan,nan,nan,nan,nan,nan,nan,nan,nan,nan,nan,nan,nan,nan,nan,nan,nan,nan,nan,nan,nan,nan,nan,nan,nan,nan,nan,nan,nan,nan,nan,nan,nan,nan,nan,nan,nan,nan,nan,nan,nan,nan,nan,nan,nan,nan,nan,nan,nan,nan,nan,nan,nan,nan,nan,nan,nan,nan,nan,nan,nan
4563860,72.8093,34.6529,190.0,73.651,32.689,171.25,74.2121,32.9696,153.75,75.0538,33.5307,136.25,77.2983,34.9335,118.75,78.9817,36.6169,101.25,78.9817,39.703,83.75,nan,nan,nan,nan,nan,nan,nan,nan,nan,nan,nan,nan,nan,nan,nan,nan,nan,nan,nan,nan,nan,nan,nan,nan,nan,nan,nan,nan,nan,nan,nan,nan,nan,nan,nan,nan,nan,nan,nan,nan,nan,nan,nan,nan,nan,nan,nan,nan,nan,nan,nan,nan,nan,nan
4564449,90.0044,51.4073,196.25,92.5295,47.4394,178.75,92.5295,46.3572,161.25,93.9724,46.7179,143.75,94.3331,49.6037,126.25,93.9724,47.8001,110.0,94.6938,48.8823,90.0,nan,nan,nan,nan,nan,nan,nan,nan,nan,nan,nan,nan,nan,nan,nan,nan,nan,nan,nan,nan,nan,nan,nan,nan,nan,nan,nan,nan,nan,nan,nan,nan,nan,nan,nan,nan,nan,nan,nan,nan,nan,nan,nan,nan,nan,nan,nan,nan,nan,nan,nan,nan,nan,nan
4564688,55.1339,24.2721,186.25,57.3784,25.6749,165.0,59.6229,31.8473,152.5,65.7953,39.9836,136.25,67.1981,48.1199,122.5,66.0758,52.3283,108.75,66.9175,59.3423,95.0,nan,nan,nan,nan,nan,nan,nan,nan,nan,nan,nan,nan,nan,nan,nan,nan,nan,nan,nan,nan,nan,nan,nan,nan,nan,nan,nan,nan,nan,nan,nan,nan,nan,nan,nan,nan,nan,nan,nan,nan,nan,nan,nan,nan,nan,nan,nan,nan,nan,nan,nan,nan,nan,nan
4565686,99.7987,47.4219,187.5,102.576,46.6283,168.75,102.973,50.5962,153.75,104.957,50.5962,136.25,106.147,52.5802,122.5,104.957,61.7065,105.0,104.163,69.2455,93.75,nan,nan,nan,nan,nan,nan,nan,nan,nan,nan,nan,nan,nan,nan,nan,nan,nan,nan,nan,nan,nan,nan,nan,nan,nan,nan,nan,nan,nan,nan,nan,nan,nan,nan,nan,nan,nan,nan,nan,nan,nan,nan,nan,nan,nan,nan,nan,nan,nan,nan,nan,nan,nan,nan
4566013,55.1557,32.918,66.25,56.7162,32.918,41.25,56.825,38.7421,23.663,57.4965,43.5817,5.625,nan,nan,nan,nan,nan,nan,nan,nan,nan,nan,nan,nan,nan,nan,nan,nan,nan,nan,nan,nan,nan,nan,nan,nan,nan,nan,nan,nan,nan,nan,nan,nan,nan,nan,nan,nan,nan,nan,nan,nan,nan,nan,nan,nan,nan,nan,nan,nan,nan,nan,nan,nan,nan,nan,nan,nan,nan,nan,nan,nan,nan,nan,nan
4567263,79.7946,37.1321,201.25,82.1758,31.9729,187.5,84.1601,26.8137,170.0,86.1444,25.6231,155.0,88.1287,28.4011,140.0,90.9067,29.5917,126.25,92.4942,39.5132,111.25,nan,nan,nan,nan,nan,nan,nan,nan,nan,nan,nan,nan,nan,nan,nan,nan,nan,nan,nan,nan,nan,nan,nan,nan,nan,nan,nan,nan,nan,nan,nan,nan,nan,nan,nan,nan,nan,nan,nan,nan,nan,nan,nan,nan,nan,nan,nan,nan,nan,nan,nan,nan,nan,nan
4567504,83.3575,22.1913,151.25,86.7322,22.6131,133.75,88.4195,29.3625,117.5,87.5759,39.4866,105.0,85.4667,42.8612,91.25,88.4195,47.5014,82.5,90.5287,52.9853,72.5,nan,nan,nan,nan,nan,nan,nan,nan,nan,nan,nan,nan,nan,nan,nan,nan,nan,nan,nan,nan,nan,nan,nan,nan,nan,nan,nan,nan,nan,nan,nan,nan,nan,nan,nan,nan,nan,nan,nan,nan,nan,nan,nan,nan,nan,nan,nan,nan,nan,nan,nan,nan,nan,nan
4568017,80.8363,54.2358,167.5,78.8512,51.4566,150.0,78.8512,51.8537,130.0,79.6452,50.2656,115.0,78.8512,55.0298,97.5,78.8512,59.0001,80.0,78.0572,60.5882,67.5,nan,nan,nan,nan,nan,nan,nan,nan,nan,nan,nan,nan,nan,nan,nan,nan,nan,nan,nan,nan,nan,nan,nan,nan,nan,nan,nan,nan,nan,nan,nan,nan,nan,nan,nan,nan,nan,nan,nan,nan,nan,nan,nan,nan,nan,nan,nan,nan,nan,nan,nan,nan,nan,nan
4568032,87.6383,55.6641,160.639,87.5782,56.301,136.3,86.4649,59.7244,120.552,90.5469,63.1478,103.435,90.5469,65.5442,91.7951,90.918,68.9677,79.8131,93.1446,71.7064,65.777,nan,nan,nan,nan,nan,nan,nan,nan,nan,nan,nan,nan,nan,nan,nan,nan,nan,nan,nan,nan,nan,nan,nan,nan,nan,nan,nan,nan,nan,nan,nan,nan,nan,nan,nan,nan,nan,nan,nan,nan,nan,nan,nan,nan,nan,nan,nan,nan,nan,nan,nan,nan,nan,nan
4568156,78.8512,55.0298,62.5,78.0572,51.4566,42.5,78.4542,57.412,25.0,77.2631,64.1614,12.5,nan,nan,nan,nan,nan,nan,nan,nan,nan,nan,nan,nan,nan,nan,nan,nan,nan,nan,nan,nan,nan,nan,nan,nan,nan,nan,nan,nan,nan,nan,nan,nan,nan,nan,nan,nan,nan,nan,nan,nan,nan,nan,nan,nan,nan,nan,nan,nan,nan,nan,nan,nan,nan,nan,nan,nan,nan,nan,nan,nan,nan,nan,nan
4568220,89.3807,49.3609,202.5,90.3336,47.4552,190.0,89.8572,42.6909,172.5,90.81,40.7852,155.0,92.2393,41.2616,138.75,92.2393,43.1673,122.5,92.2393,46.0259,107.5,nan,nan,nan,nan,nan,nan,nan,nan,nan,nan,nan,nan,nan,nan,nan,nan,nan,nan,nan,nan,nan,nan,nan,nan,nan,nan,nan,nan,nan,nan,nan,nan,nan,nan,nan,nan,nan,nan,nan,nan,nan,nan,nan,nan,nan,nan,nan,nan,nan,nan,nan,nan,nan,nan
4569602,60.4298,31.0295,204.047,61.6996,28.3497,182.5,60.31,29.7393,166.25,61.0048,30.0867,150.0,61.6996,35.2976,136.25,63.784,41.2033,122.5,64.1314,43.6351,107.5,nan,nan,nan,nan,nan,nan,nan,nan,nan,nan,nan,nan,nan,nan,nan,nan,nan,nan,nan,nan,nan,nan,nan,nan,nan,nan,nan,nan,nan,nan,nan,nan,nan,nan,nan,nan,nan,nan,nan,nan,nan,nan,nan,nan,nan,nan,nan,nan,nan,nan,nan,nan,nan,nan
4570490,90.2128,25.8511,172.431,91.6932,21.1623,155.0,92.6213,18.8422,137.5,92.1572,20.6983,122.5,92.1572,24.4104,107.5,91.6932,28.5866,93.75,93.0853,41.1151,77.5,nan,nan,nan,nan,nan,nan,nan,nan,nan,nan,nan,nan,nan,nan,nan,nan,nan,nan,nan,nan,nan,nan,nan,nan,nan,nan,nan,nan,nan,nan,nan,nan,nan,nan,nan,nan,nan,nan,nan,nan,nan,nan,nan,nan,nan,nan,nan,nan,nan,nan,nan,nan,nan,nan
4572251,95.4493,52.9976,155.0,94.5163,52.9976,142.5,94.0498,54.8636,123.75,93.5833,57.6626,107.5,92.6503,61.8612,92.5,92.1642,69.3935,76.9774,91.7173,77.2557,62.5,nan,nan,nan,nan,nan,nan,nan,nan,nan,nan,nan,nan,nan,nan,nan,nan,nan,nan,nan,nan,nan,nan,nan,nan,nan,nan,nan,nan,nan,nan,nan,nan,nan,nan,nan,nan,nan,nan,nan,nan,nan,nan,nan,nan,nan,nan,nan,nan,nan,nan,nan,nan,nan,nan
4572632,86.3946,30.4145,192.5,83.2184,25.6502,172.5,82.4244,26.0472,153.75,80.0423,26.0472,135.0,77.6601,28.8264,118.75,75.278,37.1638,102.5,74.0869,45.5013,87.5,nan,nan,nan,nan,nan,nan,nan,nan,nan,nan,nan,nan,nan,nan,nan,nan,nan,nan,nan,nan,nan,nan,nan,nan,nan,nan,nan,nan,nan,nan,nan,nan,nan,nan,nan,nan,nan,nan,nan,nan,nan,nan,nan,nan,nan,nan,nan,nan,nan,nan,nan,nan,nan,nan
4573083,84.4095,53.8388,187.5,84.8065,55.0298,173.75,82.4244,56.2209,155.0,82.0274,56.2209,137.5,82.0274,55.4269,122.5,80.8363,56.2209,106.25,78.8512,58.206,91.25,nan,nan,nan,nan,nan,nan,nan,nan,nan,nan,nan,nan,nan,nan,nan,nan,nan,nan,nan,nan,nan,nan,nan,nan,nan,nan,nan,nan,nan,nan,nan,nan,nan,nan,nan,nan,nan,nan,nan,nan,nan,nan,nan,nan,nan,nan,nan,nan,nan,nan,nan,nan,nan,nan
4573639,52.6477,68.5286,207.5,57.809,62.5733,187.5,59.7941,61.3822,168.75,63.3673,58.6031,151.25,66.1465,58.206,131.25,70.1167,58.206,112.5,72.4988,60.5882,93.75,nan,nan,nan,nan,nan,nan,nan,nan,nan,nan,nan,nan,nan,nan,nan,nan,nan,nan,nan,nan,nan,nan,nan,nan,nan,nan,nan,nan,nan,nan,nan,nan,nan,nan,nan,nan,nan,nan,nan,nan,nan,nan,nan,nan,nan,nan,nan,nan,nan,nan,nan,nan,nan,nan
4574236,nan,nan,nan,nan,nan,nan,70.7319,52.6674,117.5,69.3423,55.7939,100.0,69.3423,57.8783,82.5,67.6053,61.6996,66.25,67.6053,64.1314,51.25,nan,nan,nan,nan,nan,nan,nan,nan,nan,nan,nan,nan,nan,nan,nan,nan,nan,nan,nan,nan,nan,nan,nan,nan,nan,nan,nan,nan,nan,nan,nan,nan,nan,nan,nan,nan,nan,nan,nan,nan,nan,nan,nan,nan,nan,nan,nan,nan,nan,nan,nan,nan,nan,nan
4574403,nan,nan,nan,nan,nan,nan,nan,nan,nan,nan,nan,nan,nan,nan,nan,106.806,32.8805,232.5,106.32,37.2577,212.5,nan,nan,nan,nan,nan,nan,nan,nan,nan,nan,nan,nan,nan,nan,nan,nan,nan,nan,nan,nan,nan,nan,nan,nan,nan,nan,nan,nan,nan,nan,nan,nan,nan,nan,nan,nan,nan,nan,nan,nan,nan,nan,nan,nan,nan,nan,nan,nan,nan,nan,nan,nan,nan,nan
4574645,64.1314,29.7393,207.5,65.521,24.8757,183.75,64.8262,24.1809,168.75,66.5632,22.7914,152.5,66.9106,23.1388,135.0,66.2158,25.5705,118.75,66.2158,25.5705,103.75,nan,nan,nan,nan,nan,nan,nan,nan,nan,nan,nan,nan,nan,nan,nan,nan,nan,nan,nan,nan,nan,nan,nan,nan,nan,nan,nan,nan,nan,nan,nan,nan,nan,nan,nan,nan,nan,nan,nan,nan,nan,nan,nan,nan,nan,nan,nan,nan,nan,nan,nan,nan,nan,nan
4574668,nan,nan,nan,nan,nan,nan,nan,nan,nan,nan,nan,nan,nan,nan,nan,nan,nan,nan,66.8216,53.8688,532.5,nan,nan,nan,nan,nan,nan,nan,nan,nan,nan,nan,nan,nan,nan,nan,nan,nan,nan,nan,nan,nan,nan,nan,nan,nan,nan,nan,nan,nan,nan,nan,nan,nan,nan,nan,nan,nan,nan,nan,nan,nan,nan,nan,nan,nan,nan,nan,nan,nan,nan,nan,nan,nan,nan
4574957,nan,nan,nan,nan,nan,nan,nan,nan,nan,nan,nan,nan,nan,nan,nan,81.4956,48.3046,490.0,82.3691,56.1656,475.0,nan,nan,nan,nan,nan,nan,nan,nan,nan,nan,nan,nan,nan,nan,nan,nan,nan,nan,nan,nan,nan,nan,nan,nan,nan,nan,nan,nan,nan,nan,nan,nan,nan,nan,nan,nan,nan,nan,nan,nan,nan,nan,nan,nan,nan,nan,nan,nan,nan,nan,nan,nan,nan,nan
4575213,80.6678,52.9755,223.75,79.3278,47.6157,207.5,80.2211,40.0227,190.0,81.5611,36.0028,168.75,83.3477,38.2361,150.0,82.4544,45.8291,131.25,84.6876,57.442,115.0,nan,nan,nan,nan,nan,nan,nan,nan,nan,nan,nan,nan,nan,nan,nan,nan,nan,nan,nan,nan,nan,nan,nan,nan,nan,nan,nan,nan,nan,nan,nan,nan,nan,nan,nan,nan,nan,nan,nan,nan,nan,nan,nan,nan,nan,nan,nan,nan,nan,nan,nan,nan,nan,nan
4575448,79.6287,40.6511,188.75,80.0927,43.8992,170.0,84.2689,49.0034,153.75,86.589,51.7876,137.5,88.4451,55.9637,120.0,91.2292,60.6039,106.25,93.0853,67.5642,91.25,nan,nan,nan,nan,nan,nan,nan,nan,nan,nan,nan,nan,nan,nan,nan,nan,nan,nan,nan,nan,nan,nan,nan,nan,nan,nan,nan,nan,nan,nan,nan,nan,nan,nan,nan,nan,nan,nan,nan,nan,nan,nan,nan,nan,nan,nan,nan,nan,nan,nan,nan,nan,nan,nan
4576973,63.0892,27.6549,152.5,63.0892,24.8757,128.75,64.1314,28.3497,113.75,64.1314,29.0445,97.5,65.1736,32.5184,78.75,65.1736,35.9924,62.5,66.5632,39.4663,45.0,nan,nan,nan,nan,nan,nan,nan,nan,nan,nan,nan,nan,nan,nan,nan,nan,nan,nan,nan,nan,nan,nan,nan,nan,nan,nan,nan,nan,nan,nan,nan,nan,nan,nan,nan,nan,nan,nan,nan,nan,nan,nan,nan,nan,nan,nan,nan,nan,nan,nan,nan,nan,nan,nan
4578931,76.2893,38.0709,200.0,77.0387,35.0734,185.0,78.1628,35.0734,167.5,80.4109,35.8228,147.5,83.0337,35.4481,131.25,85.2819,34.324,112.5,87.9047,36.9469,92.5,nan,nan,nan,nan,nan,nan,nan,nan,nan,nan,nan,nan,nan,nan,nan,nan,nan,nan,nan,nan,nan,nan,nan,nan,nan,nan,nan,nan,nan,nan,nan,nan,nan,nan,nan,nan,nan,nan,nan,nan,nan,nan,nan,nan,nan,nan,nan,nan,nan,nan,nan,nan,nan,nan
4579045,nan,nan,nan,nan,nan,nan,nan,nan,nan,nan,nan,nan,nan,nan,nan,nan,nan,nan,94.1628,41.21,602.5,nan,nan,nan,nan,nan,nan,nan,nan,nan,nan,nan,nan,nan,nan,nan,nan,nan,nan,nan,nan,nan,nan,nan,nan,nan,nan,nan,nan,nan,nan,nan,nan,nan,nan,nan,nan,nan,nan,nan,nan,nan,nan,nan,nan,nan,nan,nan,nan,nan,nan,nan,nan,nan,nan
4579051,nan,nan,nan,nan,nan,nan,nan,nan,nan,nan,nan,nan,nan,nan,nan,nan,nan,nan,98.7036,27.0311,385.0,nan,nan,nan,nan,nan,nan,nan,nan,nan,nan,nan,nan,nan,nan,nan,nan,nan,nan,nan,nan,nan,nan,nan,nan,nan,nan,nan,nan,nan,nan,nan,nan,nan,nan,nan,nan,nan,nan,nan,nan,nan,nan,nan,nan,nan,nan,nan,nan,nan,nan,nan,nan,nan,nan
4579307,82.901,61.0152,171.25,83.3477,56.1021,155.0,82.901,50.2956,138.75,84.241,44.9358,118.75,83.7943,44.9358,98.75,85.5809,53.8688,77.5,86.9209,65.035,63.75,nan,nan,nan,nan,nan,nan,nan,nan,nan,nan,nan,nan,nan,nan,nan,nan,nan,nan,nan,nan,nan,nan,nan,nan,nan,nan,nan,nan,nan,nan,nan,nan,nan,nan,nan,nan,nan,nan,nan,nan,nan,nan,nan,nan,nan,nan,nan,nan,nan,nan,nan,nan,nan,nan
4580676,79.0102,27.9433,186.25,78.2807,26.1194,167.5,77.5511,25.0251,147.5,76.8216,24.2956,130.0,74.9978,26.4842,113.75,71.7149,32.3204,96.25,73.174,41.4395,82.5,nan,nan,nan,nan,nan,nan,nan,nan,nan,nan,nan,nan,nan,nan,nan,nan,nan,nan,nan,nan,nan,nan,nan,nan,nan,nan,nan,nan,nan,nan,nan,nan,nan,nan,nan,nan,nan,nan,nan,nan,nan,nan,nan,nan,nan,nan,nan,nan,nan,nan,nan,nan,nan,nan
4581728,110.734,30.0719,212.5,108.369,29.5988,192.5,106.95,28.6527,165.0,106.477,33.3836,145.0,105.53,40.9531,127.5,103.638,46.1571,110.0,103.638,52.3074,90.0,nan,nan,nan,nan,nan,nan,nan,nan,nan,nan,nan,nan,nan,nan,nan,nan,nan,nan,nan,nan,nan,nan,nan,nan,nan,nan,nan,nan,nan,nan,nan,nan,nan,nan,nan,nan,nan,nan,nan,nan,nan,nan,nan,nan,nan,nan,nan,nan,nan,nan,nan,nan,nan,nan
4584480,nan,nan,nan,nan,nan,nan,nan,nan,nan,nan,nan,nan,nan,nan,nan,nan,nan,nan,71.1387,16.5676,387.5,nan,nan,nan,nan,nan,nan,nan,nan,nan,nan,nan,nan,nan,nan,nan,nan,nan,nan,nan,nan,nan,nan,nan,nan,nan,nan,nan,nan,nan,nan,nan,nan,nan,nan,nan,nan,nan,nan,nan,nan,nan,nan,nan,nan,nan,nan,nan,nan,nan,nan,nan,nan,nan,nan
4593762,71.5468,35.214,198.75,70.4245,34.6529,177.5,70.144,36.6169,160.0,70.4245,38.3002,143.75,70.4245,42.7892,128.75,70.9857,49.8032,115.0,70.9857,52.3283,98.75,nan,nan,nan,nan,nan,nan,nan,nan,nan,nan,nan,nan,nan,nan,nan,nan,nan,nan,nan,nan,nan,nan,nan,nan,nan,nan,nan,nan,nan,nan,nan,nan,nan,nan,nan,nan,nan,nan,nan,nan,nan,nan,nan,nan,nan,nan,nan,nan,nan,nan,nan,nan,nan,nan
4596164,73.1594,31.2535,170.0,73.4733,29.9979,150.0,75.3567,29.9979,131.25,74.415,29.9979,115.0,74.415,29.0562,98.75,76.2984,31.5674,82.5,75.3567,37.2176,67.5,nan,nan,nan,nan,nan,nan,nan,nan,nan,nan,nan,nan,nan,nan,nan,nan,nan,nan,nan,nan,nan,nan,nan,nan,nan,nan,nan,nan,nan,nan,nan,nan,nan,nan,nan,nan,nan,nan,nan,nan,nan,nan,nan,nan,nan,nan,nan,nan,nan,nan,nan,nan,nan,nan
4608357,90.999,37.892,184.75,93.3489,40.2419,164.75,93.3489,46.3516,150.75,93.8189,52.9312,131.75,92.8789,54.8111,118.75,94.7588,64.2106,100.75,88.6492,74.08,86.75,nan,nan,nan,nan,nan,nan,nan,nan,nan,nan,nan,nan,nan,nan,nan,nan,nan,nan,nan,nan,nan,nan,nan,nan,nan,nan,nan,nan,nan,nan,nan,nan,nan,nan,nan,nan,nan,nan,nan,nan,nan,nan,nan,nan,nan,nan,nan,nan,nan,nan,nan,nan,nan,nan
4613319,64.2023,26.7283,238.75,66.2925,22.2493,221.25,65.9939,23.7423,202.5,65.9939,25.5339,183.75,67.5157,25.304,166.093,69.577,25.5339,150.0,71.9658,29.1171,131.25,nan,nan,nan,nan,nan,nan,nan,nan,nan,nan,nan,nan,nan,nan,nan,nan,nan,nan,nan,nan,nan,nan,nan,nan,nan,nan,nan,nan,nan,nan,nan,nan,nan,nan,nan,nan,nan,nan,nan,nan,nan,nan,nan,nan,nan,nan,nan,nan,nan,nan,nan,nan,nan,nan
4614554,72.2149,43.0373,87.5,74.9381,42.2593,72.5,74.9381,41.8702,55.0,76.4943,44.5935,35.0,78.8285,46.1496,17.5,nan,nan,nan,nan,nan,nan,nan,nan,nan,nan,nan,nan,nan,nan,nan,nan,nan,nan,nan,nan,nan,nan,nan,nan,nan,nan,nan,nan,nan,nan,nan,nan,nan,nan,nan,nan,nan,nan,nan,nan,nan,nan,nan,nan,nan,nan,nan,nan,nan,nan,nan,nan,nan,nan,nan,nan,nan,nan,nan,nan
4620639,66.8813,27.4866,155.0,67.5091,29.3701,140.0,67.8231,29.0562,123.75,67.8231,30.6257,106.25,69.0787,32.823,91.25,68.7648,36.5898,75.0,68.7648,40.9844,58.75,nan,nan,nan,nan,nan,nan,nan,nan,nan,nan,nan,nan,nan,nan,nan,nan,nan,nan,nan,nan,nan,nan,nan,nan,nan,nan,nan,nan,nan,nan,nan,nan,nan,nan,nan,nan,nan,nan,nan,nan,nan,nan,nan,nan,nan,nan,nan,nan,nan,nan,nan,nan,nan,nan
4622590,77.8958,21.5312,190.0,78.5531,26.7897,170.0,81.5111,35.0061,155.0,85.4549,46.5091,141.25,86.1123,55.7115,130.0,81.8397,63.9279,117.5,82.1684,71.1584,103.75,nan,nan,nan,nan,nan,nan,nan,nan,nan,nan,nan,nan,nan,nan,nan,nan,nan,nan,nan,nan,nan,nan,nan,nan,nan,nan,nan,nan,nan,nan,nan,nan,nan,nan,nan,nan,nan,nan,nan,nan,nan,nan,nan,nan,nan,nan,nan,nan,nan,nan,nan,nan,nan,nan
4631347,77.7475,34.1394,195.0,75.461,31.8528,175.0,73.5011,33.1594,156.25,73.8277,35.1193,137.5,74.481,36.0993,118.75,75.461,36.7526,102.5,77.0942,39.0392,83.75,nan,nan,nan,nan,nan,nan,nan,nan,nan,nan,nan,nan,nan,nan,nan,nan,nan,nan,nan,nan,nan,nan,nan,nan,nan,nan,nan,nan,nan,nan,nan,nan,nan,nan,nan,nan,nan,nan,nan,nan,nan,nan,nan,nan,nan,nan,nan,nan,nan,nan,nan,nan,nan,nan
4631457,69.5832,32.8698,207.5,70.2245,32.2285,187.5,71.8277,35.1143,171.25,78.8818,42.489,153.75,82.0882,49.2225,141.25,79.8438,54.6734,125.0,80.8057,57.2385,111.25,nan,nan,nan,nan,nan,nan,nan,nan,nan,nan,nan,nan,nan,nan,nan,nan,nan,nan,nan,nan,nan,nan,nan,nan,nan,nan,nan,nan,nan,nan,nan,nan,nan,nan,nan,nan,nan,nan,nan,nan,nan,nan,nan,nan,nan,nan,nan,nan,nan,nan,nan,nan,nan,nan
4635465,71.9038,40.0427,192.5,72.2177,35.3342,167.5,71.9038,34.3925,155.0,71.9038,33.1369,137.5,71.5899,33.1369,120.0,70.9621,34.3925,103.75,70.3343,37.5315,87.5,nan,nan,nan,nan,nan,nan,nan,nan,nan,nan,nan,nan,nan,nan,nan,nan,nan,nan,nan,nan,nan,nan,nan,nan,nan,nan,nan,nan,nan,nan,nan,nan,nan,nan,nan,nan,nan,nan,nan,nan,nan,nan,nan,nan,nan,nan,nan,nan,nan,nan,nan,nan,nan,nan
4635629,92.758,39.9303,161.25,92.0606,47.9504,142.5,90.3171,55.273,127.5,88.2249,58.4113,110.0,87.5275,65.3852,93.75,85.4353,68.8722,78.75,83.3432,73.4053,63.75,nan,nan,nan,nan,nan,nan,nan,nan,nan,nan,nan,nan,nan,nan,nan,nan,nan,nan,nan,nan,nan,nan,nan,nan,nan,nan,nan,nan,nan,nan,nan,nan,nan,nan,nan,nan,nan,nan,nan,nan,nan,nan,nan,nan,nan,nan,nan,nan,nan,nan,nan,nan,nan,nan
